{"cameraMode":{"drawMode":0,"name":"Shaded","section":"Shading Mode"},"sceneLighting":true,"audioPlay":false,"sceneViewState":{"m_AlwaysRefresh":false,"showFog":true,"showSkybox":true,"showFlares":true,"showImageEffects":true,"showParticleSystems":true,"showVisualEffectGraphs":true,"m_FxEnabled":true},"in2DMode":false,"pivot":{"x":0.31823402643203738,"y":-0.9537159204483032,"z":4.361244201660156},"rotation":{"x":-0.14824479818344117,"y":-0.014242774806916714,"z":0.002135651186108589,"w":-0.9888402819633484},"size":4.388314247131348,"orthographic":false}